<?xml version="1.0" encoding="UTF-8" standalone="yes"?>
<addon id="script.sportsdevilextension" name="SportsDevil Chrome Extension" version="1.0" provider-name="enen92">
  <requires>
    <import addon="xbmc.python" version="2.1.0"/>
  </requires>
  <extension point="xbmc.python.script" library="default.py">
  </extension>
  <extension point="xbmc.addon.metadata">
    <summary>Send url's from your browser to any network XBMC instance running SportsDevil.</summary>
    <description>SportsDevil has a huge library of livestream resolvers. Given the url, it can play virtually any livestream embedded on a web page. Install the SportsDevil Chrome extension, open a webpage containing a livestream and hit the devil. The url will be sent to your remote SportsDevil instance.</description>
    <platform>all</platform>
  </extension>
</addon>
